inchi,name,E,ES_root_dipole,ES_root_electronic_spatial_extent,ES_root_molar_volume,E_scf,E_thermal_correction,E_zpe,G,G_thermal_correction,H,H_thermal_correction,dipole,electronegativity,electronic_spatial_extent,hardness,homo_energy,lumo_energy,molar_mass,molar_volume,number_of_atoms,zero_point_correction,C_APT_charge,C_ES_root_Mulliken_charge,C_ES_root_NPA_Rydberg,C_ES_root_NPA_charge,C_ES_root_NPA_core,C_ES_root_NPA_total,C_ES_root_NPA_valence,C_Mulliken_charge,C_NMR_anisotropy,C_NMR_shift,C_NPA_Rydberg,C_NPA_charge,C_NPA_core,C_NPA_total,C_NPA_valence,C_VBur,O_APT_charge,O_ES_root_Mulliken_charge,O_ES_root_NPA_Rydberg,O_ES_root_NPA_charge,O_ES_root_NPA_core,O_ES_root_NPA_total,O_ES_root_NPA_valence,O_Mulliken_charge,O_NMR_anisotropy,O_NMR_shift,O_NPA_Rydberg,O_NPA_charge,O_NPA_core,O_NPA_total,O_NPA_valence,O_VBur,order,ring_size,C_angle,OC_length,OC_L,OC_B1,OC_B5,C_PVBur
"InChI=1S/C10H18O/c1-5-10(4,11)8-6-7-9(2)3/h5,7,11H,1,6,8H2,2-4H3",1y,-466.7754218391381,2.8321419029050436,2714.0498557715455,1680.5543735297488,-467.0467944721312,0.2741714632532004,-466.7892793953963,-466.8304900241807,0.21910350014838617,-466.77447782864533,0.27511569531312435,1.9584183539086284,0.12432480547593557,2801.5362658329,0.1641844902430687,-0.2885092957190043,0.03985968476713313,154.2516,1618.12851496609,29.0,0.2603142655712793,0.565269790492858,0.21262497144761522,0.023414607168354303,0.20246464359189106,1.9991696267054588,5.797535356408108,3.774950359974533,0.2019346535423744,38.28860886743015,108.46556501785213,0.021853472734166823,0.1974196931649796,1.9991823159362334,5.80258030683502,3.781540570263228,0.7212957208694178,-0.7787599833517763,-0.4886066946735607,0.014109047359695093,-0.72584074779882,1.9998202150537572,8.72584074779882,6.7119118253824634,-0.5003966800455937,81.39402357930572,260.40485579848644,0.014143216479968496,-0.7334429948593876,1.9998204343495187,8.733442994859386,6.719476832458775,0.506348155398236,tertiary,0,109.83666666666666,1.4229859048066769,5.932293607753325,2.9778277633096266,7.877281437884224,0.5374111691150789
"InChI=1S/C10H20O/c1-3-5-6-7-8-9-10(11)4-2/h4,10-11H,2-3,5-9H2,1H3",1x,-467.96367126624517,3.484395152507112,4006.094072286212,1697.6471511234727,-468.2609464029487,0.2996979240904247,-467.97782466755325,-468.02021328306716,0.24315565072565742,-467.9627269270756,0.30064197106128376,1.8321591157536332,0.14446721214939634,4024.7477683990633,0.1815315536179638,-0.32599876576736014,0.03706434146856744,156.26739999999998,1765.6254351207554,30.999999999999996,0.2855443494184291,0.6135141869867073,0.029038136842413083,0.026770433672669045,0.039030168176476365,1.9991403146286668,5.960969831823523,3.9350597770365585,0.038921424724340015,32.566910699091444,105.95107398247605,0.02164490449989143,0.05699497490535706,1.999189536456406,5.943005025094642,3.92217327522711,0.6087083894365396,-0.7951299582183952,-0.2940397298108819,0.013150193302411649,-0.54457441091587,1.9998320100580103,8.54457441091587,6.5315904494212225,-0.5015267112740865,65.85635984400095,268.45034528891523,0.01212658400880106,-0.7256895411821528,1.9998314478499843,8.725689541182152,6.713733849292546,0.4237335354634214,secondary,0,111.8,1.4246478647705196,7.040828103322216,2.3073253245750345,8.948578910021123,0.45623274722116275
"InChI=1S/C8H12O5/c1-4(9)13-6-3-12-7-5(10)2-11-8(6)7/h5-8,10H,2-3H2,1H3/t5-,6+,7-,8-/m1/s1",1n,-687.9802633766101,1.6875229460019316,2618.574911060178,1589.7220469877593,-688.1918345723651,0.218451024705659,-687.9922178950017,-688.031344247376,0.16737015394396898,-687.9793193766101,0.21939502473284272,2.959444997640867,0.1462998063697315,2652.787545119982,0.18868049936117706,-0.3349803057309086,0.042380692991445576,188.17980000000006,1466.1747754169241,25.000000000000004,0.2064965063140093,0.5135406299551636,0.009564925232186923,0.02232743663833429,0.05029790857214284,1.9991922905217052,5.9497020914278576,3.928177301476652,0.009225045865675461,52.15612212823501,108.0499422606227,0.02230139283526369,0.05043481412743715,1.9991922902917736,5.949565185872564,3.9280670108800773,0.6048575967259803,-0.759973290608519,-0.4996419160730127,0.012524993467048398,-0.7088280143042125,1.999810844782109,8.708828014304213,6.696487741731905,-0.4996189077134414,64.30659595554876,309.05939391763013,0.012523361958264964,-0.7088085926884353,1.999810844782109,8.708808592688438,6.696465230918197,0.4064425726632453,secondary,5,101.35,1.4025829302084274,7.525732892341825,2.09561450843323,7.523159444571741,0.46135848309026073
"InChI=1S/C12H21NO3/c1-12(2,3)16-11(15)13-8-4-5-9(13)7-10(14)6-8/h8-10,14H,4-7H2,1-3H3/t8-,9+,10+",1q,-750.0132067694279,2.9274651215334417,3923.4575815407543,2106.9940917097674,-750.3517401855358,0.34411572836455356,-750.0291245728948,-750.0719432628271,0.28537941488641033,-750.0122619509119,0.34505972836455356,3.756462799077587,0.12572568180027,4017.272980716181,0.17392664916389464,-0.2996523309641646,0.04820096736362462,227.3028,1895.0851960383827,37.0,0.328197106906714,0.5953526390499188,0.10269809130128431,0.021008164919220983,0.08947456652242407,1.9992699582381617,5.910525433477575,3.8902455059202405,0.09648796247141377,59.650872748975594,116.09181667789362,0.01996294285445074,0.0900757507007733,1.999269947797702,5.909924249299226,3.8906931630470267,0.6421948333784203,-0.7751827684136682,-0.5038402006406392,0.012693426625993893,-0.7384355263922475,1.9998299895595402,8.738435526392248,6.725912110206713,-0.5021916025944045,91.12730093459344,259.2579379196831,0.012592920049847677,-0.7371843812559398,1.9998299895595402,8.737184381255938,6.7247696568061395,0.4821896784000106,secondary,6,112.45,1.428146715916236,9.527847518845041,2.0635331982002523,5.835960532539733,0.50554251012796
"InChI=1S/C11H16O/c1-11(2,12)9-8-10-6-4-3-5-7-10/h3-7,12H,8-9H2,1-2H3",1f,-503.743187377172,1.8170304052428374,2918.128350503879,1634.5423081850158,-504.0009977148918,0.25959503204044004,-503.7554185994459,-503.7945764567339,0.20820664029214137,-503.7422431465534,0.2605392779294652,1.7725063151508134,0.1393817145973057,2950.360660156574,0.1588068091460927,-0.2981885237433983,0.019425094548786995,164.2468,1720.3637201639042,28.000000000000004,0.24736380992760168,0.6503943989996821,0.18669989499696377,0.018494209621646863,0.24399762835939362,1.9992778526462602,5.756002371640607,3.738228802224163,0.18752396738545268,54.89701335511852,112.51523097210861,0.018198800462904258,0.24375458046375195,1.9992800794164696,5.756245419536247,3.7387665963043464,0.7068477620461922,-0.8148309039924639,-0.4969208999393132,0.012765621821925758,-0.73900089074294,1.9998200794164696,8.73900089074294,6.726405444393584,-0.49933753057087304,94.928136268564,240.73340546811374,0.012741251110800414,-0.7412140408523099,1.9998200794164696,8.74121404085231,6.728659666267504,0.47292324347176656,tertiary,0,110.88999999999999,1.432164618790539,6.130723548041064,2.957822524082299,8.267952775036928,0.5029757448806784
"InChI=1S/C15H26O/c1-13(2)7-5-8-14(3)9-6-10-15(4)11-12-16/h7,9,11,16H,5-6,8,10,12H2,1-4H3/b14-9+,15-11+",1w,-661.959231524356,4.314840782764204,8603.597120459133,2452.72186157565,-662.3551107608102,0.40070487840635854,-661.9799133804615,-662.0332894034516,0.32664700779129074,-661.9582873811761,0.40164904273032037,2.6653862954270693,0.12241627211062,8850.584874769273,0.16127738132249586,-0.28369365343311587,0.03886110921187585,222.36979999999997,2367.3300962538465,42.0,0.3800229590005679,0.6453727332119775,-0.08482017916942382,0.028841816041071045,-0.13005856727848533,1.9992587565282942,6.130058567278485,4.101961550168588,-0.07457234873591712,59.1658441762964,123.69663310296627,0.02116450758079952,-0.10019320300732558,1.9992492192127365,6.100193203007325,4.0797824453019,0.46731280684939625,-0.7962063007754007,-0.4666797393130255,0.013826545695138347,-0.7194606968856245,1.9998375878767134,8.719460696885625,6.705796141007135,-0.5090434362681503,69.68581599229067,292.45982541047476,0.012018469622695668,-0.7224630077702618,1.9998299999999998,8.722463007770262,6.710611328219035,0.34557323177835986,primary,0,110.975,1.4265403137499426,8.47239992335277,1.7859412956553384,13.171516168208283,0.3449839387945627
"InChI=1S/C13H20N4O3/c1-9(18)6-4-5-7-17-12(19)10-11(14-8-15(10)2)16(3)13(17)20/h8-9,18H,4-7H2,1-3H3",1h,-951.7961461248802,5.185786975469912,8487.37517124279,2250.63505751741,-952.1504183791651,0.3589167962450559,-951.8165906347035,-951.8679861423794,0.28707670856589534,-951.7952018746024,0.3598607962450559,5.657701155571646,0.14134401964801696,8526.68338980265,0.13801765138539732,-0.2793616710334143,-0.003326368262619642,280.32599999999996,2265.625318264122,39.99999999999999,0.338471696487224,0.6271272860484639,0.05741525332393121,0.018464675283208,0.1003732623457401,1.9992870509492824,5.899626737654259,3.8818747609940645,0.05712218912284673,47.466882307290454,113.3538589779248,0.018509053922143383,0.10035724974042723,1.999288722733121,5.899642750259572,3.8818450169422127,0.5900224537036874,-0.7835105968841825,-0.5076406668238171,0.012824112089625625,-0.7327526378618595,1.9998299990465782,8.732752637861859,6.720102484945367,-0.5074176601699899,77.71427582435514,266.6063589946389,0.012821879407818227,-0.7325922572678532,1.9998299990465782,8.732592257267852,6.719941026363775,0.42461905865443145,secondary,0,112.23,1.4261453146440146,7.773128585954673,2.1739319510548367,11.89549061310775,0.42129418242764444
"InChI=1S/C10H14O/c1-9(11)7-8-10-5-3-2-4-6-10/h2-6,9,11H,7-8H2,1H3",1a,-464.46035043992646,1.9341852966167967,2332.8291732472817,1536.2592366720778,-464.6892393326641,0.23060733729977187,-464.47125379615215,-464.50893129677974,0.1820263129649737,-464.4594062518632,0.23155150595455548,1.9310180090010176,0.14077815037752311,2379.6598199213595,0.15881042784993307,-0.2995885782274562,0.01803227747240998,150.22000000000003,1440.7386623937157,25.000000000000004,0.21970388283031658,0.624026828107549,0.053370432786843856,0.01905038110572237,0.09528691112185479,1.999282656130589,5.904713088878146,3.886381021224587,0.05387649141920412,54.39555066963747,114.8675242921511,0.018291781082203713,0.09586700338925604,1.9992860577855582,5.904132996610745,3.8865559087061086,0.6037578232345581,-0.7966070461222182,-0.500093213129265,0.012619961176999227,-0.7312198499908397,1.9998288703299185,8.731219849990842,6.718771019413905,-0.5030691330868423,76.05527654571178,266.6320529273024,0.012509731708410826,-0.733569461079866,1.9998300000000002,8.733569461079867,6.721234224990731,0.4329129089894818,secondary,0,112.4,1.425939896398663,6.238932948573973,2.3293055828429887,7.442458362266794,0.4408206048757115
"InChI=1S/C9H12O2/c1-8(10)7-11-9-5-3-2-4-6-9/h2-6,8,10H,7H2,1H3",1aj,-500.3988943674978,2.170298915992511,2412.301296627389,1528.5171566468562,-500.6027822540525,0.2064090716077494,-500.4093964219472,-500.44614392038716,0.15915884527585336,-500.3979503674978,0.2073530716077494,2.163657635045655,0.13492881851620023,2455.958848245977,0.1506510301316306,-0.2855798486478308,0.015722211615430352,152.1926,1430.860435074504,23.0,0.1959065566249455,0.6200793822068769,0.052465063515195726,0.019715948869608153,0.07482893883217905,1.9992851788955583,5.925171061167821,3.9061631989769072,0.05395403129427567,45.35675040181248,115.99349811196556,0.019608300993053135,0.07728121724313215,1.9992854234810373,5.922718782756867,3.9038250582827767,0.5719473111083708,-0.7957532875212237,-0.5036845024471994,0.012048314785075096,-0.7227466746684075,1.9998293238735263,8.722746674668407,6.710868575653829,-0.5091864661521559,42.905931006231,282.6627131615461,0.01202641395702576,-0.7262780143160432,1.9998293238735263,8.726278014316042,6.714422060714994,0.413390065681881,secondary,0,111.69,1.4190849370628267,5.090265852815615,2.096162039811127,8.553206954401373,0.399023112600241
"InChI=1S/C12H20O6/c1-11(2)14-5-6(16-11)8-7(13)9-10(15-8)18-12(3,4)17-9/h6-10,13H,5H2,1-4H3/t6-,7-,8-,9-,10-/m1/s1",1m,-920.3144050385037,3.905800433905035,5174.440492372626,1972.8081641526621,-920.6417723417723,0.34235791284243156,-920.3316569816662,-920.3767629984867,0.2800006414959668,-920.3134609955362,0.34330227538900543,2.1310011579662818,0.13682735887248015,5305.04885783035,0.1940284476456885,-0.33085580651816865,0.057201088773208314,260.28640000000007,2287.9215673374874,38.00000000000001,0.3251066845888235,0.5014026514387663,-0.04225807117168639,0.04201965928425743,-0.022462576241236935,1.9990668838610395,6.022462576241238,3.98137607445317,-0.02242538852670786,50.092724109653176,108.13266484157087,0.022466293916022076,0.06504523015554474,1.999144298468569,5.934954769844456,3.913340912809425,0.6714254761267988,-0.7555014224890424,-0.026798971909797704,0.0257383647316711,-0.49020185475080014,1.9998330675495628,8.4902018547508,6.46463593962178,-0.4896989913488695,52.16908205106057,307.05618921569675,0.012198373631730956,-0.7081723113890763,1.9998100471069413,8.708172311389077,6.696163892541526,0.46446424866023595,secondary,5,101.62,1.400076525413562,6.183242997450821,2.253161873767323,7.194004336100269,0.5555519581514854
"InChI=1S/C12H20O6/c1-11(2)14-5-6(16-11)8-7(13)9-10(15-8)18-12(3,4)17-9/h6-10,13H,5H2,1-4H3/t6-,7-,8+,9-,10-/m1/s1",1an,-920.3066510204684,3.472141021723784,5310.258621059226,2188.5490078864173,-920.6370333828211,0.34226724111290546,-920.3239981557787,-920.3695154921234,0.2794027694579288,-920.3057066039695,0.34321133271406556,2.9681664014764575,0.13547545393190588,5416.075828984982,0.19151508204886614,-0.32699053598077205,0.056039628116960234,260.28639999999996,1808.3704856547636,37.99999999999999,0.3249195534629481,0.45684924586233044,0.06265708495744744,0.040700204747108476,-0.015159644141160524,1.9991118104358028,6.01515964414116,3.975344752702447,-0.004354357815382631,33.50947652150529,109.93808876043305,0.02269411472504839,0.0516497251677595,1.9991911749194475,5.948350274832239,3.9264649851877436,0.6684950702716922,-0.7525299837757929,-0.10268317491770082,0.025332475162675595,-0.5230100468921494,1.9998290365939042,8.523010046892148,6.497852655292712,-0.477777578894636,70.48948367124866,297.6895184067607,0.012900504108643485,-0.7125580356432453,1.999824705716508,8.712558035643244,6.699828705660949,0.5248038623939328,secondary,5,101.14,1.4063171288624623,5.525262272419931,2.0820722442356034,7.67435881139486,0.5498383482905692
"InChI=1S/C30H32Cl3NO/c1-3-5-13-34(14-6-4-2)19-29(35)28-18-23(33)17-27-25(15-20-7-9-21(31)10-8-20)26-16-22(32)11-12-24(26)30(27)28/h7-12,15-18,29,35H,3-6,13-14,19H2,1-2H3/b25-15-",1ak,-2672.3861131943986,10.257773571906487,28187.727713158372,4698.25466283668,-2672.963313891869,0.5892073084611508,-2672.419855950234,-2672.490124372135,0.485196133283068,-2672.3851691543136,0.5901513085317666,4.8787563841092645,0.1659076407143757,28421.879676054614,0.10705962126674691,-0.2729672619811226,-0.05884801944762876,528.9479,4357.837775000889,67.0,0.5554645516716081,0.5362182570318856,-0.11734105086762828,0.021264788277401855,0.057953732420531784,1.9991687960002757,5.942046267579468,3.9216214618817427,-0.11895342890947112,45.31023589488993,117.36952129359477,0.02095684725701481,0.06843773743077097,1.9991688361856081,5.93156226256923,3.911436547893783,0.7033019641277155,-0.8841822518773033,-0.5151128759365322,0.012713147379505744,-0.7295286079706891,1.9998299894209906,8.729528607970689,6.716993913780716,-0.5215492576638974,42.12513135710324,289.83208553226945,0.012671244052715759,-0.7352285671870632,1.9998299896949243,8.735228567187063,6.722726992512614,0.4816208342471122,secondary,0,110.05,1.4104017609777726,10.396329893039148,3.883457003930767,11.80071429762578,0.5843052408103088
"InChI=1S/C41H37ClN6O/c1-2-3-23-38-43-39(42)37(29-49)47(38)28-30-24-26-31(27-25-30)35-21-13-14-22-36(35)40-44-45-46-48(40)41(32-15-7-4-8-16-32,33-17-9-5-10-18-33)34-19-11-6-12-20-34/h4-22,24-27,49H,2-3,23,28-29H2,1H3",1s,-2447.735204651439,,,,-2448.4797969038405,0.74459208766268,-2447.776737721105,-2447.854190883999,0.6256057534186235,-2447.7342605430517,0.7455361465968753,6.652138379004914,0.15036738971374908,29711.774961638046,0.12833256488087283,-0.27869995459462193,-0.022034824832876256,665.2358999999999,5010.077816383683,85.99999999999999,0.7030589031184901,0.7081108136475238,,,,,,,-0.13434693537256553,62.60789646887092,129.32133218241208,0.022028755274659927,-0.10391515484868917,1.999178820501189,6.103915154848689,4.082708136147391,0.5278047590013135,-0.830065908754363,,,,,,,-0.4808732748383463,64.33368613319968,285.8129425953971,0.012226737250325142,-0.7210753178223375,1.9998386362143339,8.721075317822336,6.70900976805154,0.4845989742707556,primary,0,109.375,1.421389859175275,5.905079586125439,2.218073646608517,9.93182591313754,0.439134644035515
"InChI=1S/C13H21NO3S/c1-3-9-14(10-4-2)18(16,17)13-7-5-12(11-15)6-8-13/h5-8,15H,3-4,9-11H2,1-2H3",1r,-1186.2407819697983,6.782137116436489,6103.965441714043,2200.4281175214464,-1186.582042577938,0.3530396879118025,-1186.2604771037836,-1186.3107661964475,0.28305563795443517,-1186.239837735387,0.35398389824487797,6.460191998377118,0.1577413926814441,6329.4568007581265,0.14691692871783382,-0.30465832139927795,-0.010824463963610266,271.3738,2275.5019202732406,39.0,0.3333446035314806,0.5849596222729252,-0.08571705093707463,0.020787814016799647,-0.08980690213061679,1.9992250782957364,6.089806902130617,4.069791073636256,-0.09497513979086548,58.644095477233996,118.57775673178479,0.01999685992469311,-0.08349798214759617,1.999215052527808,6.083497982147596,4.064290210328302,0.4757834984878974,-0.7734669403320794,-0.5000044338953974,0.01182018778914972,-0.7148337199967402,1.9998350782957364,8.71483371999674,6.703178423413186,-0.5028320405490875,95.03661977203367,312.28813051121006,0.011405543422469761,-0.7162776484232538,1.9998350782957364,8.716277648423253,6.7050375601985515,0.3770657428637363,primary,0,108.945,1.410874631180651,9.345819380245498,1.8838320771599377,10.670104502296041,0.35912636126498193
"InChI=1S/C16H17ClN4O3/c1-2-20(9-10-22)13-5-3-12(4-6-13)18-19-16-8-7-14(21(23)24)11-15(16)17/h3-8,11,22H,2,9-10H2,1H3/b19-18+",1j,-1524.3080645660077,11.819556683715474,16126.248655971629,2695.5953067802,-1524.6240406705997,0.3440791067942605,-1524.3303612118145,-1524.3855871676753,0.26655653893429904,-1524.3071205611805,0.3450233952538669,8.409749899281781,0.16677878736578786,16049.87024333309,0.08459012912089202,-0.25136891648667986,-0.08218865824489584,348.78830000000005,2608.5131373929853,41.00000000000001,0.32178251121350515,0.5357619107682284,-0.0592050128744498,0.0205218817783041,-0.07544269055510587,1.999297053003721,6.075442690555106,4.055621911170009,-0.06056422508982242,58.352429216605756,121.87173495572566,0.020407632341236846,-0.07535748082892349,1.999296813356354,6.075357480828925,4.055654211972272,0.5064212597245092,-0.7740838681470636,-0.5018178284241086,0.012540959266937126,-0.7237835838418311,1.999823540565101,8.723783583841833,6.711417980247439,-0.49992115537699955,54.16106920429007,309.12037292672494,0.012493940270218907,-0.722322735033609,1.9998242981967846,8.72232273503361,6.710005376815054,0.4081541886711615,primary,0,109.66499999999999,1.4150529614636262,8.155940589729626,1.7905498061368859,13.364626621207263,0.38964577886473195
"InChI=1S/C14H19NO7/c1-9(16)10-7-12(20-2)13(8-11(10)15(18)19)22-6-4-5-14(17)21-3/h7-9,16H,4-6H2,1-3H3",1u,-1125.793330055958,7.94293875381474,9939.510877335182,2272.781850178938,-1126.1333574094804,0.35506481227661874,-1125.816061399045,-1125.871422214395,0.27697266934162157,-1125.7923857611252,0.35600929435271106,5.974918608759949,0.17252243475160411,9695.23754467568,0.12095084403789005,-0.29347327878949414,-0.05157159071371404,313.30659999999995,2457.4678558395667,41.0,0.33233361316865734,0.6507555907843579,-0.03226611886518039,0.01914588296468225,0.07518412318538208,1.9992000003407702,5.924815876814617,3.906474777853302,-0.007000009831317946,49.730847774251515,114.49075828555335,0.019492130480068804,0.07766688203275646,1.9992000085001602,5.922333117967243,3.9036357520532965,0.6406461428285913,-0.7993421587260099,-0.496621317735283,0.012338647996857008,-0.7234428682046937,1.999829864441958,8.723442868204693,6.71127388378764,-0.5009668473610364,79.2662649355405,267.2123554828083,0.012334372588631915,-0.7279410673946117,1.999829864441958,8.72794106739461,6.715776844036898,0.4343545491113063,secondary,0,110.83,1.422262719531501,7.435286676675758,2.1271455963258616,12.279345094225084,0.4885184560268511
"InChI=1S/C11H19NO5/c1-11(2,3)17-10(15)12-6-7(13)5-8(12)9(14)16-4/h7-8,13H,5-6H2,1-4H3/t7-,8+/m1/s1",1l,-861.1979096307739,4.030335629807996,4316.357597058821,2171.6782198670176,-861.5075374481269,0.32439948613549235,-861.2164478903497,-861.263792160432,0.25851678922045224,-861.196965561943,0.32534357766298766,4.9990845859671635,0.13577856414201217,4467.931280405663,0.17768443857540034,-0.3134630027174125,0.041905874433388196,245.2748,2150.9248078963274,36.0,0.30586080155522816,0.6107104832443793,0.05392774701149649,0.019675151848855984,0.08275126765271162,1.9992561712151358,5.917248732347289,3.898313386206278,0.05904750993762009,38.981953316753525,110.69542752004364,0.01938323807706456,0.0850979307754265,1.9992561712151358,5.914902069224574,3.8962607975387105,0.5869780785008926,-0.7777550093641806,-0.5009244643810556,0.011985175749558435,-0.7227508974372926,1.9998259226118764,8.722750897437294,6.710939693782654,-0.4999653609521043,81.82150601137415,278.45080804156123,0.011879256952158178,-0.7211562427623581,1.9998259226118764,8.721156242762358,6.709456278493343,0.4103553709997738,secondary,5,102.84,1.4159166209253933,7.042868261012761,2.1146255656643156,8.350151809683007,0.43899710295006483
"InChI=1S/C11H19NO5/c1-11(2,3)17-10(15)12-6-7(13)5-8(12)9(14)16-4/h7-8,13H,5-6H2,1-4H3/t7-,8-/m0/s1",1d,-861.2011066450854,3.6394663479917484,4259.93510431377,1947.2845354457338,-861.5167714779564,0.32464964565859267,-861.2192955910524,-861.2659617951805,0.25979541437549897,-861.2001626450854,0.3255939760009743,4.2135926066074925,0.1400724789392426,4505.064309964509,0.17420459565600938,-0.31427707459525195,0.034132116716766754,245.2748,2280.802832937911,36.0,0.30646103003397224,0.5858485745819151,0.02239011259190309,0.021651759997990367,0.08116754267441667,1.9992786780770708,5.918832457325584,3.8978965685031257,0.04064686304653965,32.819166487303484,110.08963843871496,0.021419226780794907,0.08331163735650302,1.9992788535572334,5.916688362643498,3.8959849621608256,0.5971572269757963,-0.8131554748694219,-0.4895964664368005,0.01300754986205214,-0.7172821915471382,1.9998206750831866,8.71728219154714,6.70444859531153,-0.5065295701902518,39.67418390177837,268.53779405977093,0.012842415890504595,-0.7332511404654529,1.999820465041045,8.733251140465454,6.720582669384387,0.4514314538023238,secondary,5,102.65,1.4129806940168845,5.778139265321464,2.011577999873457,8.662240949655976,0.4547760405520822
"InChI=1S/C23H23NO3/c1-27-22(26)21(17-25)24-23(18-11-5-2-6-12-18,19-13-7-3-8-14-19)20-15-9-4-10-16-20/h2-16,21,24-25H,17H2,1H3/t21-/m0/s1",1ae,-1170.24793937608,2.966959735926042,8508.10322523561,2974.254149839723,-1170.6741145627975,0.4398020521381364,-1170.2716824018235,-1170.3256379438296,0.3621036163488245,-1170.246994717693,0.44074618617463646,3.6954861501548826,0.14677521125587698,8745.595409397562,0.14580309370406264,-0.2925783049599396,-0.0009721175518143029,361.4395999999999,2888.480181474258,49.99999999999999,0.41605850858973364,0.5644596162114005,-0.05493017585039329,0.020881604816129145,-0.05123978858479004,1.999262439223978,6.051239788584789,4.031095780830444,-0.05443990805997022,43.60008908108763,117.14050022138683,0.020812358835291884,-0.05106840056948917,1.9992624531337815,6.051068400569489,4.030991165867318,0.5432747805396866,-0.762795341449006,-0.5002607375726551,0.011833510921191377,-0.7220900945491331,1.9998379014452008,8.722090094549133,6.710421898667472,-0.5004765863640775,60.14387083450056,317.00594358170974,0.011838432242632485,-0.722215814101229,1.9998379014452008,8.72221581410123,6.710544890053105,0.40916833853294887,primary,0,109.09,1.4111076922851928,8.756873327991723,1.79505683876879,9.13824035316297,0.4477355201409777
"InChI=1S/C19H18ClNO3/c1-12-16(9-10-22)17-11-15(24-2)7-8-18(17)21(12)19(23)13-3-5-14(20)6-4-13/h3-8,11,22H,9-10H2,1-2H3",1z,-1475.1140502787966,12.329372013176622,10738.56787138251,2825.835768502266,-1475.4592830589704,0.35743826635783643,-1475.1359677508392,-1475.188677535197,0.28281100903988604,-1475.1131060279304,0.3583824807343092,2.3925508480216395,0.15189977552576728,11100.503817477238,0.11422122040278575,-0.26612099592855304,-0.03767855512298152,343.8091,2702.8387755962144,42.0,0.3355208597140045,0.5925499926703285,-0.04997601539518008,0.019773717266057738,-0.04816730063519262,1.9992800319488766,6.048167300635193,4.029113333750438,-0.04881768672095538,59.59095429054146,118.57401108671016,0.019425346084447806,-0.05076390057432331,1.9992983202465704,6.050763900574323,4.032039537048854,0.49362292033930066,-0.7909330062112409,-0.4950023370298798,0.012248884918019549,-0.7158643802572797,1.9998296598832384,8.71586438025728,6.703782912874322,-0.5060216818315258,55.27505494224275,296.8999229664525,0.012621549136666231,-0.7251569150096092,1.9998255311970052,8.725156915009608,6.712709314250284,0.38466745223538595,primary,0,109.72,1.4169753462486938,9.121624090226467,1.9608103640184884,10.058882562412057,0.38161297886119583
"InChI=1S/C13H19NO/c1-11(14-9-5-6-10-14)13(15)12-7-3-2-4-8-12/h2-4,7-8,11,13,15H,5-6,9-10H2,1H3/t11-,13-/m0/s1",1v,-636.4367805434525,3.724860949899292,4070.3766476828064,1706.8094290742436,-636.7418717947097,0.31663495352246546,-636.4509112425577,-636.4932977383259,0.2601187429724355,-636.4358365418063,0.3175789542995087,3.0822347298811232,0.1365964394768105,4131.337103796774,0.1547794438320996,-0.29137588330891007,0.018183004355289113,205.29919999999998,1961.087908686751,34.0,0.30250425543355214,0.5204111085657042,0.025449562867802655,0.023111856466569384,0.062035353613531664,1.9991395826799132,5.937964646386468,3.915713228905729,-0.004924504662512418,38.134071696127116,109.73410243440851,0.0222414123854733,0.07771981933434069,1.9991295965503213,5.922280180665658,3.900919012155434,0.7031704706073482,-0.8313026030281299,-0.5099632253785684,0.013531136311913666,-0.7326754822561284,1.9998299839668343,8.732675482256125,6.719324238388485,-0.5160389531380933,73.43125679141295,308.87320171986454,0.013041782195564641,-0.7375176190785299,1.9998299839668343,8.73751761907853,6.724645883217937,0.5001893723959089,secondary,0,112.5,1.412266555559055,6.446750399460843,2.100817640133221,6.88220537490564,0.5828253774604131
"InChI=1S/C15H24O5/c1-8-4-5-11-9(2)12(16)17-13-15(11)10(8)6-7-14(3,18-13)19-20-15/h8-13,16H,4-7H2,1-3H3/t8-,9-,10+,11?,12+,13-,14-,15-/m1/s1",1af,-961.6731987740752,2.6285050854824275,4721.805542571726,2494.130632237397,-962.0672094274718,0.40486599839210413,-961.6905637763175,-961.732658781453,0.3454069909724416,-961.6722547740749,0.40580999839210413,2.049220611362704,0.13024000700942387,4784.5846554831605,0.1903699541052591,-0.32060996111468293,0.06012994709583524,284.3516000000001,2347.419290298142,44.0,0.3875019961286824,1.1010249980422104,0.10136850046101731,0.025589997935682552,0.37093015101481935,1.9992300006221995,5.629069848985181,3.6042498504273,0.09861054409307422,24.19603898474487,84.72401772343052,0.025569997024934996,0.37131015173027815,1.999230000626929,5.6286898482697225,3.6038898506213615,0.6444302371337979,-0.8270599845191481,-0.4930289828500142,0.011379997531797945,-0.7408000057447811,1.9998099999951515,8.740800005744783,6.729620007793547,-0.4940779872454727,64.81374584455764,248.54397172541192,0.011389997104939183,-0.7417800030411927,1.9998099999951515,8.741780003041196,6.730580005936255,0.5043260643506499,secondary,6,111.41,1.4064706845315007,7.067097214837404,2.0863616467066812,7.94770601568822,0.5346912584560728
"InChI=1S/C21H26O5/c1-19-7-5-13(23)9-12(19)3-4-14-15-6-8-21(26,17(25)11-22)20(15,2)10-16(24)18(14)19/h5,7,9,14-15,18,22,26H,3-4,6,8,10-11H2,1-2H3/t14-,15-,18+,19-,20-,21-/m0/s1",1ad,-1191.5139664517178,6.810273947256677,10304.796881360553,2885.5129556161887,-1191.965876147468,0.4662276752696469,-1191.5373497336927,-1191.588322858945,0.3918712674168512,-1191.5130224505883,0.46717167577355695,8.589400632419368,0.17285042208235474,10497.384403863965,0.1420596780438997,-0.3149101001262545,-0.030790744038455026,358.43339999999995,2938.7492777006114,51.99999999999999,0.44284341552480266,0.3469635664331136,-0.05630633918470583,0.0238749307049165,-0.17293415505430645,1.9991999305219403,6.172934155054306,4.149859292607574,-0.05621497553932629,53.69836046970844,111.72879609610715,0.023884811620857434,-0.17286628211116903,1.9991999305219403,6.172866282111168,4.149791297919299,0.5175669168934639,-0.7564925719525365,-0.5166753841213708,0.012778861726069481,-0.7145153089678928,1.9998199897278306,8.714515308967892,6.701916458733867,-0.5162261776893654,57.18222718402863,330.5888329915912,0.012788756136092145,-0.7141683460964819,1.9998199897278306,8.714168346096482,6.701559713512341,0.35777863497432133,primary,0,108.42500000000001,1.3987883877196077,12.079874881070113,1.7241106613078765,8.796862247943205,0.4205541163631675
"InChI=1S/C24H31NO/c1-23-11-9-18(26)14-17(23)5-6-19-21-8-7-20(16-4-3-13-25-15-16)24(21,2)12-10-22(19)23/h3-5,7,13,15,18-19,21-22,26H,6,8-12,14H2,1-2H3/t18-,19-,21-,22-,23-,24+/m0/s1",1ab,-1062.5921949327644,3.151902887542743,12500.631071190686,3098.947679121846,-1063.1136900084637,0.5296277260790265,-1062.6145895230734,-1062.664659222207,0.4571631171929645,-1062.591250398657,0.5305719774378179,2.7997414748666114,0.14620399653281813,12615.66511024059,0.13675747445739128,-0.2829614709902094,-0.00944652207542687,349.51499999999993,2889.526511068997,56.999999999999986,0.5072328530115467,0.6540100536387906,0.07758217287945121,0.018249599453228193,0.1075903702860571,1.9991953607188269,5.892409629713942,3.874969326615489,0.07781352544354403,56.91698611839624,108.67708886336385,0.0182445772828927,0.10758595769366787,1.9991953607188269,5.8924140423063305,3.8749762493075375,0.6197456173992663,-0.8360448269078891,-0.4992511305411837,0.012122046770806097,-0.7259150685656308,1.9998273175175456,8.72591506856563,6.7139630217994,-0.49943353524461576,58.114699776285114,262.34552392922103,0.012122050144504879,-0.7260908638621274,1.9998273175175456,8.726090863862126,6.714141472298715,0.39199304928707174,secondary,6,109.99,1.4210181429306799,15.743686327147085,2.126121197756482,5.495416690711728,0.4767383674265704
"InChI=1S/C6H10N2O/c1-5-3-6(2)8(4-9)7-5/h3,9H,4H2,1-2H3",1t,-419.191184,2.6489,1286.4863500000001,1316.3015,-419.3525043485,0.170392,-419.200718,-419.235739,0.125837,-419.19024,0.171336,4.0135,0.126865,1295.4229,0.17296499999999998,-0.29983,0.0461,126.1578,1062.852,19.0,0.160858,1.019763,-0.059207,0.03578,0.05539,1.99929,5.94461,3.90953,-0.0294575,32.0411,110.4613,0.02428,0.09052,1.9993,5.90948,3.8859,0.4814348646947766,-0.820786,-0.464498,0.01447,-0.71368,1.99983,8.71368,6.69938,-0.48776549999999996,50.10435,266.32705,0.01188,-0.71092,1.99982,8.71092,6.69922,0.36910006293266207,primary,0,107.84,1.4036226598505424,5.536855989947741,1.7105723450901777,6.588651274612182,0.3737413467589679
"InChI=1S/C6H9N3O3/c1-5-7-4-6(9(11)12)8(5)2-3-10/h4,10H,2-3H2,1H3",1aa,-623.7110623800738,5.448752394013101,1937.8131903946073,1315.2344491532392,-623.8808211751399,0.1766837557141973,-623.7223729030866,-623.7601653502065,0.12758088817590496,-623.7101183290263,0.17762790935625394,5.591631506104733,0.18347429420545164,2022.0343762433424,0.1272597700325458,-0.31073406423799743,-0.056214524172905844,171.1554,1406.1352996801027,21.0,0.16537406054400614,0.5188216833410425,-0.04264337237469634,0.019097457206616115,-0.07317395082601683,1.999293671031806,6.073173950826017,4.054783246298117,-0.054145654527184214,51.4205528249539,120.29527378173566,0.019129193047690528,-0.07264030973047916,1.9992928594387895,6.072640309730479,4.0542170512820395,0.5158353901665669,-0.7495699928465263,-0.5000651440200533,0.011994462676719966,-0.7273814827235756,1.9998231605558172,8.727381482723576,6.715556255228462,-0.5038013072214871,98.75867062303604,313.72455311893907,0.011930891180815077,-0.7303373446304104,1.9998231605558172,8.730337344630412,6.718576714575779,0.4240811302703573,primary,0,109.105,1.4141557344769853,5.924179986882525,1.9190265290870745,6.297319675616386,0.4025214762678272
"InChI=1S/C7H7ClO/c8-7-3-1-2-6(4-7)5-9/h1-4,9H,5H2",1ao,-806.233754,1.0037,1673.4071,1122.0895,-806.3628679569999,0.132975,-806.241922,-806.275798,0.090931,-806.23281,0.133919,2.04325,0.14902500000000002,1621.8262,0.155285,-0.30431,0.00626,142.5847,1152.4165,16.0,0.124807,0.6135145,-0.0592455,0.02232,-0.09024,1.99923,6.09024,4.06869,-0.068873,56.42815,117.41385,0.02142,-0.08171,1.99922,6.08171,4.06107,0.47616425424795467,-0.7652865,-0.500148,0.01232,-0.71185,1.99984,8.71185,6.6997,-0.503123,78.1968,302.7906,0.01244,-0.71132,1.99983,8.71132,6.69906,0.3717747010698553,primary,0,109.34,1.4118305757253058,7.654145849317146,1.7476702774796662,6.097815763187182,0.3567495280050346
"InChI=1S/C38H29N5O8/c44-21-28-30(50-37(47)26-17-9-3-10-18-26)31(51-38(48)27-19-11-4-12-20-27)36(49-28)42-23-41-29-32(42)39-22-40-33(29)43(34(45)24-13-5-1-6-14-24)35(46)25-15-7-2-8-16-25/h1-20,22-23,28,30-31,36,44H,21H2/t28-,30-,31-,36-/m1/s1",1i,-2340.4610335040356,12.136034666633575,39131.63812690007,4706.33263709482,-2341.090310351365,0.6623983292586925,-2340.502419109668,-2340.585769550829,0.5376632699057781,-2340.460089497142,0.6633423347779466,11.126850819955685,0.17865787448319204,42387.453182706566,0.13375540471560504,-0.3124132791987971,-0.044902469767586974,683.6758000000001,5106.313564850938,80.00000000000001,0.6210127278164845,0.5413260588708622,-0.04874226253009198,0.02131777413329934,-0.07517915458763366,1.9992497841494727,6.075179154587634,4.054611544493811,-0.048763042027821314,53.13090507643871,123.14405340817255,0.02131775123701979,-0.07519918891715491,1.9992497841494727,6.075199188917155,4.054631627773985,0.5025377084102616,-0.8805164089921861,-0.5152995587477077,0.012856856586288254,-0.7440307187635181,1.9998200017023393,8.74403071876352,6.731353857042935,-0.5153289665749826,79.04614861834159,321.3211554907291,0.012846996207658263,-0.7440201342388548,1.9998200017023393,8.744020134238854,6.731353127092673,0.45489903308627805,primary,0,108.46000000000001,1.4071845290923972,8.736357689177602,1.7320365994468583,10.93173096402063,0.39673510773477505
"InChI=1S/C4H6O3/c5-3-1-2-7-4(3)6/h3,5H,1-2H2",1ac,-381.6117604554161,3.0401362093456146,650.9387496658079,813.9884989740005,-381.7177257983027,0.1103403026874347,-381.61801776263843,-381.648222860161,0.07387789794255434,-381.61081551883206,0.1112843026874347,4.429807387062155,0.16054009594758908,660.4616260377904,0.19432906487331525,-0.3548691608209043,0.033788968925726165,102.08960000000002,808.7960614061717,13.0,0.1040820588810306,0.45064541165998195,0.021201218941800153,0.03362907274817809,0.07545493007640276,1.9991231707957304,5.924545069923598,3.8917921922205423,0.013040830724538906,47.145918477513845,113.71214282067868,0.023658046923812823,-0.017483653158630246,1.9990931707957307,6.017483653158631,3.994733069598233,0.5810634060768815,-0.7195601031525376,-0.45912629214250733,0.014119317867059347,-0.6910033252169314,1.9998106341591462,8.691003325216931,6.677074007349872,-0.49210524965376534,65.13011487240747,299.9437307531351,0.012722486037835653,-0.6991097653809359,1.9998112683182925,8.699109765380935,6.686576645183954,0.39254212280648004,secondary,5,101.86,1.3998441482383335,5.636285354002802,2.061787061697649,3.9686194622330424,0.42866010628806944
"InChI=1S/C14H15NO3/c16-10-7-5-9(6-8-10)15-13(17)11-3-1-2-4-12(11)14(15)18/h1-4,9-10,16H,5-8H2/t9-,10+",1p,-822.6941200044189,1.4387792049991952,5137.516817501075,2372.95558444364,-822.9758920305068,0.28858198736791135,-822.7088521039369,-822.7510773791131,0.2316256122316896,-822.6931760044189,0.28952598755826836,3.7454910717625096,0.18960467100928133,5133.083572962161,0.13412509294244357,-0.32372976395172487,-0.055479578066837745,245.27740000000006,2064.607291594579,33.00000000000001,0.2738498880402404,0.5765002884734118,0.04590094025428985,0.020818993099607257,0.09563165783485503,1.9992599938568003,5.904368342165146,3.884299349268795,0.04564707809589472,61.554791555285696,117.62026408248794,0.020858775599005435,0.09622205188590974,1.9992599938568003,5.903777948114092,3.883669174273447,0.6128084738937659,-0.7704829318423271,-0.503570217499331,0.013179480779940146,-0.7270600136462454,1.9998299988791997,8.727060013646247,6.714050536130344,-0.5065505415039724,31.320695895176527,284.7643471417266,0.013179519238932909,-0.7291696864145037,1.9998299988791997,8.729169686414505,6.716160168048277,0.4389361265895866,secondary,6,110.6,1.4247048299888891,6.1267341447183705,2.111820333337697,11.096724848354539,0.46444507088003656
"InChI=1S/C14H15NO3/c16-10-7-5-9(6-8-10)15-13(17)11-3-1-2-4-12(11)14(15)18/h1-4,9-10,16H,5-8H2/t9-,10-",1o,-822.6948550334469,1.2608659514049423,5478.026747921529,1946.5808776050674,-822.9760358854588,0.288486107155538,-822.7096910092996,-822.7519712160707,0.23136892487417168,-822.6939100339418,0.28943010724562374,3.700820898389197,0.18919438261453453,5459.133610620417,0.13451487353663447,-0.323709256151169,-0.05467950907790005,245.27740000000003,2066.7273993502217,33.00000000000001,0.2736491315573852,0.6217725263272098,0.015226244710128898,0.01909005189897741,0.09943930226772603,1.9992200211168707,5.900560697732274,3.8822506200031857,0.016651473313123534,59.229370028775264,112.0365584366026,0.019090042375314056,0.09961988523386062,1.9992200211168707,5.90038011476614,3.8820700480862973,0.6150140305537253,-0.8097468324966031,-0.4994409985702647,0.012669714927227179,-0.7202709262032014,1.9998200058509181,8.720270926203202,6.707781205543467,-0.500691504630516,48.5665822025991,261.5513775168148,0.012679721442182535,-0.7215012142610303,1.9998200058509181,8.721501214261032,6.7090014878475595,0.3909993268017119,secondary,6,110.66,1.4205146340653494,12.669534760765321,2.303825201816434,5.132701012208888,0.46602401827131495
"InChI=1S/C9H10O/c10-9-5-7-3-1-2-4-8(7)6-9/h1-4,9-10H,5-6H2",1ah,-424.006915,1.5092,1364.9576,1188.549,-424.182170205,0.177854,-424.014829,-424.047361,0.137408,-424.005971,0.178798,1.7445,0.14093,1365.409,0.15566999999999998,-0.2966,0.01474,134.1774,1237.394,20.0,0.16994,0.608531,0.029605,0.02119,0.10721,1.99932,5.89279,3.87227,0.039582,30.4273,107.1983,0.02048,0.10994,1.99933,5.89006,3.87025,0.5807111390811831,-0.763142,-0.498155,0.01261,-0.72095,1.99983,8.72095,6.70851,-0.502541,40.9983,272.8099,0.0126,-0.72275,1.99983,8.72275,6.71033,0.4067023285084959,secondary,5,104.05,1.4207663601891058,4.572138320699649,2.014513301057508,6.847361965682719,0.4233794839521712
"InChI=1S/C19H16FNO/c20-14-9-7-12(8-10-14)18-15-3-1-2-4-17(15)21-19(13-5-6-13)16(18)11-22/h1-4,7-10,13,22H,5-6,11H2",1am,-963.1120008936989,2.0685998743385516,7096.818735336319,2389.0398430178566,-963.4206066852107,0.32420605717963946,-963.1300008934145,-963.1776559606667,0.25855114081333275,-963.1110568936989,0.32515005717963946,1.853540630799321,0.15952013700197207,7078.446122388052,0.1255525361587532,-0.28507267316072527,-0.03396760084321887,293.3399,2311.3987164247133,38.0,0.30620605746383533,0.632180153307656,-0.2190314171069272,0.02123478596778376,-0.09417869228598691,1.999208493983764,6.094178692285987,4.073738115395008,-0.21080876397361142,51.20659185974642,122.70428026355799,0.019831222678565054,-0.0910132275891713,1.9991984939837641,6.091013227589171,4.071983510926842,0.5626538104375579,-0.8065517964542491,-0.4943487338104064,0.012110452663037258,-0.7239381819212346,1.9998299999999998,8.723938181921234,6.712007729258197,-0.4942579830661689,59.07349888025597,287.90003292988933,0.011635648249415608,-0.718456431279694,1.9998269788244327,8.718456431279694,6.706999277014042,0.4302960507829636,primary,0,110.19,1.4227102417884356,6.452404162695882,1.860780799574961,8.118164221309327,0.46107372753126874
"InChI=1S/C9H12O3/c1-11-8-3-4-9(12-2)7(5-8)6-10/h3-5,10H,6H2,1-2H3",1aq,-575.6037077720689,5.172244580845631,2469.480319910018,1565.693056408432,-575.8114887793147,0.2125969028398814,-575.6154930859549,-575.6531479800879,0.16315715786152538,-575.6027637720689,0.2135413658804543,4.581885513412462,0.12448480422335637,2497.3950850970145,0.13903489740940111,-0.26351970163275745,0.014550093186044766,168.192,1255.4316137249386,23.999999999999996,0.20081195067685031,0.6575035822827024,-0.09197660592116344,0.022801161957769628,-0.07868390825838625,1.9992328424890182,6.078683908258386,4.056651840752542,-0.09562522755605751,52.86916769987731,119.5887461035048,0.022121331369871176,-0.07975419289067905,1.9992172613886259,6.079754192890679,4.05841924429163,0.49575861665417986,-0.8040398570842813,-0.5125621292631174,0.012684742833105295,-0.7288583614024421,1.9998382745651775,8.728858361402441,6.716335366577453,-0.5145263650243335,58.173584570578036,306.3615777039184,0.011752662318970729,-0.7226403840965152,1.9998310131765513,8.722640384096515,6.71106032583017,0.38228439371896283,primary,0,109.44,1.4175357960008155,7.124394978433235,1.7964102012797794,7.244825150372258,0.38056628794059644
"InChI=1S/C8H6ClF3O/c9-7-2-1-6(8(10,11)12)3-5(7)4-13/h1-3,13H,4H2",1al,-1143.3185661246612,4.038943796767045,3089.366067710531,1307.8291602716822,-1143.4545236810347,0.1414411953034026,-1143.3302812849158,-1143.3706738110068,0.08933407902396077,-1143.3176220250143,0.14238519530340263,3.785802555364454,0.16610875024235197,3169.3131370611363,0.15270877711413705,-0.318817527356489,-0.013399973128214948,210.583,1214.3675258138564,19.0,0.12972670476158338,0.591848904742131,-0.1423290924262383,0.022514368552066042,-0.1005696034736465,1.9992133028706718,6.100569603473646,4.07884093558369,-0.15230026409055053,52.94261311729546,119.70798978241085,0.021338837762684748,-0.08365327189625534,1.999203302870672,6.083653271896254,4.063105430600789,0.5052865972270382,-0.7714147346605706,-0.48922921794426905,0.011803224385927534,-0.7126425640314951,1.9998266971293281,8.712642564031494,6.701016036774896,-0.4971076332489916,78.45875509517248,310.90727072283033,0.01135349854988021,-0.7173828428934246,1.9998266971293281,8.717382842893425,6.706200340810763,0.3848462703505025,primary,0,109.06,1.4119475036931783,6.611033208651785,1.934517781944042,7.357968155930081,0.39422239682147286
"InChI=1S/C15H19NO4/c1-15(2,3)20-14(18)16-8-10(9-17)12-7-11(19-4)5-6-13(12)16/h5-8,17H,9H2,1-4H3",1ar,-938.3459757200923,3.036152972439049,7324.015141362067,2601.095347212832,-938.6814561985175,0.34417969055044956,-938.3658227605773,-938.4143689293185,0.2757867797049271,-938.3450314608243,0.34512369055044956,3.999911869700089,0.13719160245709935,7461.208120034878,0.13155450025864202,-0.2687461027157414,-0.00563710219845734,277.3194,2316.0852295345408,39.0,0.3243328641232441,0.6878385141174135,-0.1143303383945838,0.02128438683378555,-0.08205176033487821,1.999187669992235,6.0820517603348785,4.061579043361752,-0.11299021743015804,60.42773679360997,125.33876468289041,0.02094501174701022,-0.0804872606070943,1.999187669992235,6.080487260607094,4.060353358363595,0.47945506844430275,-0.7940287615034878,-0.50360765337979,0.012239491509834558,-0.7174461291673554,1.99983,8.717446129167355,6.705376621061734,-0.5028002808005583,70.78503623360302,291.7639453647378,0.012329039560158383,-0.7171910797785762,1.99983,8.717191079778576,6.70503074763379,0.376310127145114,primary,0,109.965,1.42160219005561,8.943958525578813,1.781511416983893,8.981293147338938,0.37064319845086513
"InChI=1S/C16H12FNO/c17-13-7-5-11(6-8-13)16-12(10-19)9-18-15-4-2-1-3-14(15)16/h1-9,19H,10H2",1am2,-846.4793024531673,1.8151834475316708,5144.945138256742,2108.9636554129474,-846.7278448128027,0.2581089503998125,-846.4941867816042,-846.5371713218556,0.20024027122115945,-846.4783584531673,0.2590534511281959,3.0306889115818505,0.16286464017751914,5212.772639762919,0.1257208869872819,-0.28858552716480107,-0.03714375319023723,253.27530000000002,1914.0927944728328,31.0,0.24322481147255087,0.653160168656842,-0.16799499526063627,0.020818944008634144,-0.07982858910625586,1.9991892872909867,6.079828589106256,4.059823469993522,-0.16250250172212916,51.365698902013506,120.37183458171249,0.019896850029219815,-0.08387035622287878,1.9992137756262258,6.083870356222879,4.064763530828496,0.5280747033284201,-0.8034086417463219,-0.49018944405967235,0.011544772371606548,-0.7156943301925743,1.9998300000000002,8.715694330192575,6.704319557820968,-0.4970418862469208,88.53870606000801,301.3449786586505,0.011315379469918174,-0.7202230952223138,1.9998300000000002,8.720223095222314,6.709079260346337,0.4049602183366174,primary,0,109.66499999999999,1.4190491617657026,6.702706066624143,2.0604718743135724,8.2584603573009,0.4244005082174631
"InChI=1S/C5H6OS/c6-3-5-1-2-7-4-5/h1-2,4,6H,3H2",1ap,-667.4234320117148,1.6102566986866325,951.1322030510034,845.3842310224493,-667.5283636550276,0.10740201427057941,-667.4300563079875,-667.4613726302455,0.06946183429156536,-667.4224880117148,0.10834645282223118,1.7644640463720087,0.1399351246039771,952.7667800498843,0.1558550330151625,-0.2957901576191396,0.015919908411185377,114.16180000000001,848.1386008074851,13.000000000000002,0.10077815654955319,0.6639335300082085,-0.0579354817800661,0.02371156549553176,-0.10967422789737816,1.9991956144834826,6.109674227897379,4.086767047918364,-0.0692096327987092,53.42001528759337,120.56392370765477,0.02119558892499262,-0.07593917359192762,1.9991856144834825,6.075939173591928,4.05555235569997,0.46676852173916206,-0.7668099849315725,-0.48812096122530135,0.012998577210262187,-0.7031485729420606,1.9998400000000003,8.703148572942062,6.690305610215281,-0.5041964683681991,65.4335857889174,294.4020860894667,0.01214489030936854,-0.7143814888200628,1.9998356144834826,8.714381488820063,6.702400984027213,0.36574551410941925,primary,0,109.77,1.4161519628036021,5.91800184934777,1.7473574695648133,5.7777389156807155,0.3528809322963063
"InChI=1S/C15H23NO/c17-13-15-10-4-5-11-16(15)12-6-9-14-7-2-1-3-8-14/h1-3,7-8,15,17H,4-6,9-13H2",1k,-714.9936747353182,3.2864948185707976,5847.570702542934,2151.556770391691,-715.3664021777331,0.3775877303832658,-715.0096100269925,-715.0547329493662,0.3165287912981779,-714.9927307289348,0.37853198527936815,3.2477160519567625,0.13489775486362152,6065.218949447747,0.15420277581115902,-0.28910053067478053,0.019305020947537496,233.3528,2005.2417877728092,40.0,0.36165171267059615,0.4928706246712593,-0.0829794560975276,0.020928970968311457,-0.06681929059127449,1.9992594578036107,6.066819290591274,4.04663087968714,-0.08264864961850635,49.58708412938819,121.34213682202764,0.020922724548830242,-0.06664060012893792,1.9992594578036107,6.066640600128937,4.0464584544580235,0.5373451184102482,-0.7852876382683338,-0.5196104720253041,0.013270428420834944,-0.7403196133311377,1.9998301113103079,8.740319613331138,6.727226371094934,-0.5203778940513953,75.62790793070364,332.7577192160942,0.01329354899078775,-0.7408483404465308,1.9998301113103079,8.740848340446531,6.727731959711268,0.434054249490413,primary,0,110.07499999999999,1.4166315726988115,5.468614105377417,1.764758980746439,9.386072569411274,0.4236145976005324
"InChI=1S/C10H14O/c11-9-5-4-8-10-6-2-1-3-7-10/h1-3,6-7,11H,4-5,8-9H2",1e,-464.45400695199396,1.8739291462193945,2706.717135059813,1486.9977492351966,-464.6837639142313,0.23129124534210643,-464.4650153621486,-464.5035735296028,0.18172496221227372,-464.4530628735903,0.23223556506788315,1.91865959115417,0.13971387911535302,2733.9001494074246,0.15944318407285754,-0.29915706318821056,0.019729304957504544,150.21999999999997,1423.9349476077782,24.999999999999996,0.22028277792144982,0.5955274740766946,-0.0849196199360527,0.019628275721212434,-0.05851884407422592,1.9992967045985963,6.058518844074225,4.039597698859132,-0.08450537544380789,60.935572778602676,119.23686482963612,0.019465765455160114,-0.058071577088577686,1.9992967616519588,6.058071577088577,4.039307915982201,0.47121536539220155,-0.7722678561767513,-0.512172703972174,0.012775832269517149,-0.727128942616762,1.9998299999999998,8.72712894261676,6.71452606784156,-0.5129249581177998,64.6171969900837,302.0430501870477,0.012803505880781949,-0.7277538467475314,1.9998299999999998,8.72775384674753,6.715124342003781,0.35951045010493476,primary,0,110.055,1.4206479621847,7.227435800775269,1.8039520440369095,7.851612185318581,0.3402410482113788
"InChI=1S/C8H10N4O/c13-3-1-2-7-4-9-8-10-6-11-12(8)5-7/h4-6,13H,1-3H2",1ag,-604.880132826705,5.262060380174631,2995.217197144686,1423.3938210339877,-605.0702892575114,0.19747205164094012,-604.8909909826557,-604.9290760979053,0.14852878044056003,-604.8791884362928,0.19841609752284628,6.82166575221528,0.17443064942543773,3103.1241812927024,0.13940089266960587,-0.31383154209504355,-0.035029756755831865,178.19320000000002,1522.654976297902,23.000000000000007,0.18661372650478159,0.5861079695095166,-0.1092097770378708,0.017631413634145925,-0.061145887807473556,1.9992949299059037,6.061145887807475,4.044219624256794,-0.1109174447965436,60.454413603965364,121.83224348733852,0.017428130591969376,-0.0610065784386567,1.99929581474301,6.061006578438658,4.044285302259393,0.4829475076868822,-0.7742644383776285,-0.5111188062254061,0.01263737832700746,-0.733695792088027,1.9998302765823452,8.733695792088028,6.721231917233249,-0.5106765130656907,103.15548470818808,309.52623989821046,0.012603286268891779,-0.7334868474757787,1.9998302765823452,8.733486847475781,6.721057003109535,0.3854950997836126,primary,0,109.905,1.4199169759957728,6.4061598933278665,1.9852756441410926,8.872101260610586,0.35541430186131284
"InChI=1S/C18H17NO2/c20-13-7-12-16-19-17(14-8-3-1-4-9-14)18(21-16)15-10-5-2-6-11-15/h1-6,8-11,20H,7,12-13H2",1g,-900.9965218410125,2.443329278190338,7480.353397191022,2403.449149633872,-901.3216224509074,0.33108899923362006,-901.0145333653919,-901.0634369741753,0.26417378367853717,-900.9955774965989,0.3320333307485814,2.556477746339508,0.14366582901251213,7533.400195436161,0.12089899712400809,-0.2645648261365202,-0.022766831888504042,279.3378,2301.8214384363464,38.0,0.31307738128303675,0.5977960231314182,-0.09965575140744004,0.019167151209242547,-0.06211302926614602,1.9992978092846776,6.062113029266146,4.0436469564495585,-0.09893427769157671,60.028472630808515,120.88601775404514,0.01907243044060769,-0.062035826878775166,1.9992989639414196,6.062035826878775,4.0436623172742925,0.4802981533522189,-0.7719416005621395,-0.5095146927444951,0.01258461834213669,-0.7274864230003777,1.9998276753325692,8.727486423000379,6.715073884334201,-0.5112466414130703,78.11212458850247,306.10740423610173,0.012604449727834114,-0.7289044592378887,1.9998276753325692,8.728904459237889,6.716473750535811,0.3701862147659142,primary,0,109.92,1.4193445534212132,9.737399188651404,1.9418666866809378,10.95912107479013,0.35238626017873886
"InChI=1S/C10H8FNO2/c11-8-3-1-7(2-4-8)10-5-9(6-13)12-14-10/h1-5,13H,6H2",1ai,-690.698253562239,3.8327690021107426,3868.9628406596157,1549.2490357135102,-690.8692255700491,0.17701830772722318,-690.7099161754239,-690.7499218422782,0.12534933541520055,-690.697309562239,0.17796261545444636,3.007565120363049,0.15750353171858075,3935.3480738354497,0.13337578180034282,-0.2908793135189236,-0.02412774991823794,193.1771,1440.5084964391967,22.0,0.16535569454228316,0.6098948645392211,-0.13147608629874072,0.021074659028968136,-0.09064532281498111,1.9991692318166954,6.090645322814981,4.070401431969318,-0.12862179571074966,56.049471663676094,124.34623783911312,0.020285445368323645,-0.0916522682378128,1.9991692318166954,6.091652268237812,4.072197591052793,0.4535387107970722,-0.7609854417549504,-0.496983329278615,0.011583899923688743,-0.7112180823563248,1.999826922727768,8.711218082356325,6.699804182432636,-0.4972949828607679,105.7323599401499,319.01569175703327,0.011290068085190291,-0.7115542414398011,1.9998299999999998,8.711554241439801,6.700444173354612,0.3641619590765639,primary,0,108.86500000000001,1.412612367015016,6.690225258420254,1.9127273672614646,10.001644379319018,0.33599985413330213
"InChI=1S/C13H12O/c14-10-11-6-8-13(9-7-11)12-4-2-1-3-5-12/h1-9,14H,10H2",1b,-577.5793760788612,2.1319299586349914,3806.2039620399846,1748.9467389430629,-577.8021572060115,0.2274152316725212,-577.5909890866806,-577.6296516839425,0.17713962659131238,-577.5784320788612,0.22835923167252117,2.335177601427284,0.14460335779744893,3812.4398155415547,0.13510017106562794,-0.2797035288630769,-0.009503186731820986,184.2372,1540.9945795288622,26.0,0.2158015457821214,0.6325223269184364,-0.07953756809170295,0.02156600197544737,-0.09012652985080055,1.99922,6.090126529850801,4.069340527875353,-0.08297367494710227,56.914206199158116,117.54174777762171,0.020638334979539475,-0.0796004496817739,1.9992167807104186,6.079600449681775,4.059745333991816,0.47551039743476536,-0.7849720615396627,-0.4976787363549284,0.011872658856467797,-0.7147415737488227,1.9998367807104187,8.714741573748821,6.703035353471517,-0.5046895131831453,89.3422303039018,305.0635050868955,0.011979641589863919,-0.7169509220440713,1.99983,8.71695092204407,6.705148061164626,0.3747077905948397,primary,0,109.38,1.4142353089819855,8.19348302519109,1.8390043490414882,10.091730781041552,0.3588027558324785
"InChI=1S/C11H14O2/c12-10-6-11(7-10)13-8-9-4-2-1-3-5-9/h1-5,10-12H,6-8H2/t10-,11+",1c,-577.7408814812319,2.5197365964103824,3534.4633064842265,1683.864890600989,-577.9752552457054,0.24305751532263184,-577.7527598874769,-577.793161410334,0.19077739320380843,-577.7399372882153,0.24400174030132055,2.484446058786694,0.14389650426106793,3709.542099123345,0.1595019072874323,-0.3033984115485002,0.01560540302636438,178.23040000000003,1602.2766146878357,27.000000000000004,0.2311795441010931,0.6724457189333376,0.007536244133052313,0.020560816375441302,0.10132537140765929,1.9991934824936415,5.8986746285923415,3.878918501506017,0.007426335051503198,72.51523230162363,124.74388381970543,0.02052091184125787,0.1013097942220535,1.9991934824936415,5.898690205777947,3.878968297586982,0.5553562357171865,-0.8153018473703628,-0.495502870670062,0.012158503425975437,-0.7167813176683415,1.999810113926192,8.716781317668342,6.704814882515782,-0.49567654397077243,64.7064992855286,270.12652623682465,0.012162696134242933,-0.7169474018257963,1.999810113926192,8.716947401825797,6.704978083511907,0.3699601102651821,secondary,4,88.97,1.4074469505723801,9.217541298071282,2.0541555508939147,7.698875495132441,0.39967223544580205
